<?xml version="1.0" encoding="UTF-8"?>

<mule xmlns:mulexml="http://www.mulesoft.org/schema/mule/xml" xmlns:tracking="http://www.mulesoft.org/schema/mule/ee/tracking" xmlns:json="http://www.mulesoft.org/schema/mule/json" xmlns:sfdc="http://www.mulesoft.org/schema/mule/sfdc" xmlns:db="http://www.mulesoft.org/schema/mule/db" xmlns:ws="http://www.mulesoft.org/schema/mule/ws" xmlns:metadata="http://www.mulesoft.org/schema/mule/metadata" xmlns:dw="http://www.mulesoft.org/schema/mule/ee/dw" xmlns:http="http://www.mulesoft.org/schema/mule/http" xmlns:jms="http://www.mulesoft.org/schema/mule/jms" xmlns="http://www.mulesoft.org/schema/mule/core" xmlns:doc="http://www.mulesoft.org/schema/mule/documentation"
	xmlns:spring="http://www.springframework.org/schema/beans" 
	xmlns:xsi="http://www.w3.org/2001/XMLSchema-instance"
	xsi:schemaLocation="http://www.springframework.org/schema/beans http://www.springframework.org/schema/beans/spring-beans-current.xsd
http://www.mulesoft.org/schema/mule/core http://www.mulesoft.org/schema/mule/core/current/mule.xsd
http://www.mulesoft.org/schema/mule/http http://www.mulesoft.org/schema/mule/http/current/mule-http.xsd
http://www.mulesoft.org/schema/mule/jms http://www.mulesoft.org/schema/mule/jms/current/mule-jms.xsd
http://www.mulesoft.org/schema/mule/ee/dw http://www.mulesoft.org/schema/mule/ee/dw/current/dw.xsd
http://www.mulesoft.org/schema/mule/ws http://www.mulesoft.org/schema/mule/ws/current/mule-ws.xsd
http://www.mulesoft.org/schema/mule/db http://www.mulesoft.org/schema/mule/db/current/mule-db.xsd
http://www.mulesoft.org/schema/mule/sfdc http://www.mulesoft.org/schema/mule/sfdc/current/mule-sfdc.xsd
http://www.mulesoft.org/schema/mule/json http://www.mulesoft.org/schema/mule/json/current/mule-json.xsd
http://www.mulesoft.org/schema/mule/ee/tracking http://www.mulesoft.org/schema/mule/ee/tracking/current/mule-tracking-ee.xsd
http://www.mulesoft.org/schema/mule/xml http://www.mulesoft.org/schema/mule/xml/current/mule-xml.xsd">
    <jms:activemq-connector name="Active_MQ" specification="1.1" username="admin" password="admin" brokerURL="tcp://localhost:61616" validateConnections="true" doc:name="Active MQ"/>
    <jms:activemq-connector name="Active_MQ1" specification="1.1" username="admin" password="admin" brokerURL="tcp://localhost:61616" validateConnections="true" doc:name="Active MQ"/>
    <http:listener-config name="HTTP_Listener_Configuration" host="localhost" port="8081" doc:name="HTTP Listener Configuration"/>
    <db:oracle-config name="Oracle_Configuration" host="localhost" port="1521" instance="ORCL" user="roshan" password="roshan" doc:name="Oracle Configuration"/>
    <jms:activemq-connector name="Active_MQ2" specification="1.1" username="admin" password="admin" brokerURL="tcp://localhost:61616" validateConnections="true" doc:name="Active MQ"/>
    <jms:endpoint queue="cust_request)" connector-ref="Active_MQ2" name="JMS" doc:name="JMS"/>
    <flow name="assign1Flow">
        <http:listener config-ref="HTTP_Listener_Configuration" path="/assign" allowedMethods="POST" doc:name="HTTP"/>
        <object-to-byte-array-transformer mimeType="application/json" doc:name="Object to Byte Array"/>
        <scatter-gather doc:name="Scatter-Gather">
            <processor-chain>
                <set-payload value="[json:customerId]" doc:name="Set Payload"/>
                <request-reply doc:name="Request-Reply">
                    
                        <jms:outbound-endpoint queue="cust_request" connector-ref="Active_MQ" doc:name="JMS" exchange-pattern="request-response"/>
                    
                    <jms:inbound-endpoint queue="cust_response" connector-ref="Active_MQ" doc:name="Response" exchange-pattern="request-response"/>
                </request-reply>
                <logger level="INFO" doc:name="Logger"/>
            </processor-chain>
            <processor-chain>
                <set-payload value="[json:policy]" doc:name="Set Payload"/>
                <db:select config-ref="Oracle_Configuration" doc:name="PolicyDatabase">
                    <db:parameterized-query><![CDATA[select * from policies where policy=7837346375483]]></db:parameterized-query>
                </db:select>
                <logger level="INFO" doc:name="Logger"/>
            </processor-chain>
            
        </scatter-gather>
        <mulexml:object-to-xml-transformer doc:name="Object to XML"/>
        <logger level="INFO" doc:name="Logger"/>
    </flow>
    <flow name="JMSflow">
        <jms:inbound-endpoint doc:name="JMS" connector-ref="Active_MQ" exchange-pattern="request-response" queue="cust_request"/>
        <db:select config-ref="Oracle_Configuration" doc:name="Database">
            <db:parameterized-query><![CDATA[select * from customer where customerId=123]]></db:parameterized-query>
        </db:select>
        <byte-array-to-string-transformer ignoreBadInput="true" doc:name="Byte Array to String"/>
    </flow>


</mule>
